"name","ReadsNum","ID","length","RPK","RPKM","TPM","totalNum","Level","Type"
"HLA-A*02",101744,NA,1098,92663.0236794171,13315565983534.6,35248.8051894647,6959,"1","heter"
"HLA-A*03",29409,NA,1098,26784.1530054645,3848850841423.26,10188.6313867842,6959,"1","heter"
"HLA-B*13",35443,NA,1089,32546.3728191001,4676874956042.55,12380.5668061637,6959,"1","heter"
"HLA-B*37",21567,NA,1089,19804.4077134986,2845869767710.68,7533.55202179646,6959,"1","heter"
"HLA-C*02",42942,NA,1101,39002.7247956403,5604645034579.73,14836.5485345716,6959,"1","homo"
"HLA-DMA*01",2104,NA,786,2676.84478371501,384659402746.805,1018.26571761832,6959,"1","homo"
"HLA-DMB*01",1249,NA,792,1577.0202020202,226615922118.149,599.894927594598,6959,"1","homo"
"HLA-DOA*01",274,NA,753,363.877822045153,52288809030.7735,138.418302713829,6959,"1","homo"
"HLA-DQA1*01",3151,NA,768,4102.86458333333,589576747137.999,1560.72043274792,6959,"1","heter"
"HLA-DQA1*03",1090,NA,768,1419.27083333333,203947525985.534,539.887423578305,6959,"1","heter"
"HLA-DQB1*05",1333,NA,663,2010.5580693816,288914796577.324,764.811754415913,6959,"1","heter"
"HLA-DQB1*06",2313,NA,663,3488.68778280543,501320273430.871,1327.08896321381,6959,"1","heter"
"HLA-DRA*01",16518,NA,765,21592.1568627451,3102767188208.81,8213.60776557873,6959,"1","homo"
"HLA-DRB1*01",1087,NA,552,1969.20289855072,282972107853.244,749.080340715905,6959,"1","heter"
"HLA-DRB1*04",2370,NA,270,8777.77777777778,1261356197410.23,3339.04686680356,6959,"1","heter"
"HLA-DRB4*01",548,NA,552,992.753623188406,142657511594.828,377.641238925774,6959,"1","homo"
"HLA-E*01",68137,NA,1077,63265.5524605385,9091184431748.6,24066.0734491091,6959,"1","homo"
"HLA-F*01",3244,NA,1041,3116.23439000961,447799165111.31,1185.40853273017,6959,"1","homo"
"HLA-A*02:1005",72,"HLA:HLA31654",1098,65.5737704918033,9422872609.82947,24.9441143815995,6959,"2","NA"
"HLA-A*02:989N",67,"HLA:HLA31190",1098,61.0200364298725,8768506456.36909,23.2118842162107,6959,"2","NA"
"HLA-A*03:437Q",56,"HLA:HLA33372",1122,49.9108734402852,7172132984.66521,18.9859836736952,6959,"2","NA"
"HLA-B*13:123Q",193,"HLA:HLA20105",1113,173.40521114106,24918122020.5576,65.9629511712873,6959,"2","NA"
"HLA-C*02:205Q",172,"HLA:HLA31290",1200,143.333333333333,20596829046.3189,54.5236766857796,6959,"2","NA"
"HLA-DRB4*01:126",5,"HLA:HLA28536",701,7.13266761768902,1024955829.52853,2.71325067274888,6959,"2","NA"
"HLA-DRB4*01:126",5,"HLA:HLA28536",701,7.13266761768902,1024955829.52853,2.71325067274888,6959,"2","NA"
"HLA-E*01:112",197,"HLA:HLA27681",1077,182.915506035283,26284740053.9277,69.580645896862,6959,"2","NA"
"HLA-A",347045,NA,1098,316070.127504554,45418900345531.5,120232.363549475,6959,"Gene","NA"
"HLA-B",1251563,NA,1089,1149277.31864096,165149779945532,437182.499608459,6959,"Gene","NA"
"HLA-C",739059,NA,1101,671261.580381471,96459488487063,255346.391025382,6959,"Gene","NA"
"HLA-DMA",2104,NA,786,2676.84478371501,384659402746.805,1018.26571761832,6959,"Gene","NA"
"HLA-DMB",1249,NA,792,1577.0202020202,226615922118.149,599.894927594598,6959,"Gene","NA"
"HLA-DOA",274,NA,753,363.877822045153,52288809030.7735,138.418302713829,6959,"Gene","NA"
"HLA-DQA1",6695,NA,765,8751.6339869281,1257599365846.83,3329.10182773638,6959,"Gene","NA"
"HLA-DQB1",3828,NA,663,5773.7556561086,829681801423.854,2196.32362783505,6959,"Gene","NA"
"HLA-DRA",16518,NA,765,21592.1568627451,3102767188208.81,8213.60776557873,6959,"Gene","NA"
"HLA-DRB1",19180,NA,335,57253.7313432836,8227292907498.72,21779.1902568536,6959,"Gene","NA"
"HLA-DRB4",554,NA,552,1003.6231884058,144219455152.435,381.775997016202,6959,"Gene","NA"
"HLA-E",68137,NA,1077,63265.5524605385,9091184431748.6,24066.0734491091,6959,"Gene","NA"
"HLA-F",3244,NA,1041,3116.23439000961,447799165111.31,1185.40853273017,6959,"Gene","NA"
